Image Name,Plate Number
1000.jpg,94 
1001.jpg,17339116
1002.jpg,1524
1003.jpg,923839
1004.jpg,76.2714
1005.jpg,194558
1006.jpg,180228
1007.jpg,1386070
1008.jpg,1049416
1009.jpg,2401398
1010.jpg,1274029
1011.jpg,73382
1012.jpg,m34449
1013.jpg,708648
1014.jpg,1491332
1015.jpg,9537304
1016.jpg,1434790
1017.jpg,1826149
1018.jpg,886386
1019.jpg,1584820
1020.jpg,931578
1021.jpg,1059699
1022.jpg,1518095
1023.jpg,109-658
1024.jpg,405583
1025.jpg,1529438
1026.jpg,1163668
1027.jpg,153-8959
1028.jpg,1105390
1029.jpg,14531093
1030.jpg,86
1031.jpg,1819656
1032.jpg,3593
1033.jpg,167355598
1034.jpg,119212
1035.jpg,1163668
1036.jpg,8737369
1037.jpg,629640
1038.jpg,1604041
1039.jpg,140659
1040.jpg,963734
1041.jpg,626569
1042.jpg,134054413
1043.jpg,1355906
1044.jpg,68 2202
1045.jpg,629734
1046.jpg,1813690
1047.jpg,1888677
1048.jpg,194735
1049.jpg,108
1050.jpg,138
1051.jpg,914293
1052.jpg,1598894
1052.jpg,1251441
1053.jpg,909848
1054.jpg,1222171
1055.jpg,76.2714
1056.jpg,167525
1057.jpg,1355906
1058.jpg,1409240
1059.jpg,1672142
1061.jpg,08334859
1062.jpg,1196926
1063.jpg,10136950
1064.jpg,127859295
1065.jpg,65
1067.jpg,1778953
1068.jpg,1449065
1069.jpg,126
1070.jpg,1770-2854
1071.jpg,79
1072.jpg,1256088
1073.jpg,94573
1074.jpg,612580
1075.jpg,195
1076.jpg,511866
1077.jpg,188 
1078.jpg,1216559
1079.jpg,965370
1080.jpg,152-33-3567
1081.jpg,1176491
1082.jpg,113092788
1083.jpg,14802903
1084.jpg,1117006
1085.jpg,1726302
1086.jpg,g-504
1087.jpg,1355332
1088.jpg,920985
1089.jpg,7078
1090.jpg,131870
1091.jpg,1409240
1092.jpg,1293973
1093.jpg,658600
1094.jpg,1268208
1095.jpg,1864855
1096.jpg,17051077
1098.jpg,8707
1099.jpg,1401714
1101.jpg,603044
1102.jpg,1645864
1103.jpg,1887083
1104.jpg,798612
1105.jpg,6536646
1106.jpg,10541
1107.jpg,1106829
1108.jpg,67504
1109.jpg,365
1110.jpg,1813690
1111.jpg,646581
1112.jpg,1378159
1113.jpg,1005333
1113.jpg,60972
901.jpg,1699685
903.jpg,112799
904.jpg,1236324
905.jpg,120-8917
906.jpg,15
907.jpg,7536560
908.jpg,1774712
909.jpg,804167
910.jpg,894187
911.jpg,1189630
912.jpg,1608806
913.jpg,80.7538
914.jpg,10136950
915.jpg,131404
917.jpg,907708
918.jpg,4751187
919.jpg,1926756
920.jpg,1410-6603
921.jpg,1595567
921.jpg,123470
922.jpg,161033230
923.jpg,731617
924.jpg,799778
925.jpg,887703
926.jpg,901397
927.jpg,1699044
928.jpg,1465543
929.jpg,878179
930.jpg,373819
932.jpg,1912774
933.jpg,909848
934.jpg,1424034
935.jpg,180228
936.jpg,904636
937.jpg,11484391
938.jpg,1355906
939.jpg,878179
940.jpg,91 j4293
941.jpg,842486
942.jpg,16103747
943.jpg,1710-2151
944.jpg,1707645
945.jpg,725043
946.jpg,116051701
947.jpg,1231747
948.jpg,174034999
949.jpg,17734735
950.jpg,1401714
951.jpg,1409240
952.jpg,1293973
953.jpg,804161
954.jpg,1029407
955.jpg,1125633
956.jpg,1378459
957.jpg,266067
958.jpg,965370
959.jpg,16034041
960.jpg,15505029
961.jpg,1881222
962.jpg,1339933
963.jpg,8707
964.jpg,64953
965.jpg,1173989
966.jpg,1368032
967.jpg,1605065
968.jpg,41653
969.jpg,1657119
970.jpg,1518095
971.jpg,121237
973.jpg,112
974.jpg,373819
975.jpg,887703
976.jpg,1103517
977.jpg,1797229
978.jpg,831812
979.jpg,14599128
981.jpg,5308723
982.jpg,132820
983.jpg,1887083
985.jpg,879382
986.jpg,878179
987.jpg,135
988.jpg,309996
989.jpg,114239
990.jpg,1355332
991.jpg,188543
992.jpg,1695973
993.jpg,1094225
994.jpg,1258583
996.jpg,1388409
997.jpg,16557878
999.jpg,1311396
